file,primary_role,notes_before,notes_after,reduced,harmony_preserved,trills,cc,korg_valid,musical_before,musical_after
Ko je pijan zaspao za stolom - Rade Lackovic ).mid,drums,4772,4772,0,0,0,4772,True,70.8,86.7
Kockar - Mile Kitic ).mid,accordion,8569,8569,0,0,6,8569,True,70.8,87.3
Korak od sna - Sinan Sakic ).mid,drums,8870,8870,0,0,78,8870,True,70.8,87.5
Kraljica trotoara - Mile Kitic ).mid,piano,5106,5106,0,0,2,5106,True,70.8,87.5
Krcma - Mile Kitic ).mid,accordion,10093,10093,0,0,46,10093,True,70.8,87.5
Krcma u planini - Nedeljko Bilkic ).mid,accordion,9662,9662,0,0,405,9662,True,70.8,87.5
Lazes da si srecna - Kemal Malovcic ).mid,accordion,9038,9038,0,0,12,9038,True,70.8,87.5
Lijepi dani mog djetinjstva - Saban Saulic ).mid,accordion,3571,3571,0,0,4,3571,True,70.8,87.5
Ljubav nije dug - Saban Saulic ).mid,accordion,6360,6360,0,0,4,6360,True,70.8,87.5
Ljubila Me Zena Ta - Sinan Sakic ).mid,accordion,10524,10524,0,0,0,10524,True,70.8,86.7
Luda Glava Pijana - Kemal Malovcic ).mid,organ,7358,7358,0,0,0,7358,True,70.8,86.7
Mejra Seta - Halid Muslimovic ).mid,drums,13202,13202,0,0,0,13202,True,70.8,86.7
Mene je ucilo vrijeme - Halid Muslimovic ).mid,drums,2761,2761,0,0,0,2761,True,70.8,86.7
Miko druze moj - Sinan Sakic ).mid,accordion,12034,12034,0,0,146,12034,True,70.8,87.3
More i planine - Halid Beslic ).mid,accordion,13156,13156,0,0,6,13156,True,70.8,87.5
Mostovi Tuge - Halid Beslic ).mid,accordion,12053,12053,0,0,297,12053,True,70.8,87.5
Na Igranci Sinoc - Sinan Sakic ).mid,accordion,8442,8442,0,0,0,8442,True,70.8,86.7
Na Rastanku - Kvaka ).mid,accordion,7535,7535,0,0,0,7535,True,70.8,86.7
Na prijestolu sjedi sultan - Saban Saulic ).mid,accordion,9589,9589,0,0,21,9589,True,70.8,87.3
Najljepsi je na svijetu - Serif Konjevic ).mid,drums,12570,12570,0,0,24,12570,True,70.8,87.5
Naviko' sam ja na nocni zivot - Toma ).mid,drums,9288,9288,0,0,0,9288,True,70.8,86.7
Ne Zaboravi Me - Sinan Sakic ).mid,accordion,10774,10774,0,0,36,10774,True,70.8,87.5
Ne diraj coveka za stolom - Mitar Miric ).mid,accordion,8028,8028,0,0,0,8028,True,70.8,86.7
Ne tuguj zeno - Kemal Malovcic ).mid,accordion,7853,7853,0,0,14,7853,True,70.8,87.5
Ne volis me vise ti - Nino ).mid,woodwind,10631,10631,0,0,295,10631,True,70.8,87.5
Ne zovi me na grijeh - Merlin ).mid,accordion,7579,7579,0,0,6,7579,True,70.8,87.5
Ne zovite doktore - Serif Konjevic ).mid,woodwind,9187,9187,0,0,73,9187,True,70.8,87.5
Nece meni Drina biti kapija - Hule ).mid,drums,8999,8999,0,0,82,8999,True,70.8,87.5
Necu da se rastanemo - Serif Konjevic ).mid,accordion,9090,9090,0,0,24,9090,True,70.8,87.5
Necu lijeka ni ljekare - Nedeljko Bilkic ).mid,accordion,7764,7764,0,0,259,7764,True,70.8,87.5
Nedelja -  Dzej ).mid,drums,3794,3794,0,0,0,3794,True,70.8,86.7
"Nek Puknu Dusmani - Dragana,Sinan,Semsa,Mile ).mid",drums,8305,8305,0,0,0,8305,True,70.8,86.7
Neka pati zena ta - Djani ).mid,accordion,9534,9534,0,0,199,9534,True,70.8,87.5
Nekada smo ti i ja - Ljuba Alicic ).mid,accordion,9636,9636,0,0,4,9636,True,70.8,87.5
"Nemam drage, nemam druga - Keba ).mid",drums,7481,7481,0,0,0,7481,True,70.8,86.7
Nemoj pogled da sakrivas - Saban Saulic ).enhanced.mid,accordion,15590,15590,0,0,48,15590,True,70.8,87.5
Nemoj pogled da sakrivas - Saban Saulic ).mid,accordion,15590,15590,0,0,48,15590,True,70.8,87.5
Nestao je osmeh srece - Sinan Sakic ).mid,accordion,8514,8514,0,0,132,8514,True,70.8,87.3
Neznanka_-_Aca_Lukas.mid,drums,4623,4623,0,0,33,4623,True,70.8,87.5
Nigde nista nemam - Dragan Saulic ).mid,accordion,10823,10823,0,0,0,10823,True,70.8,86.7
Nije mene duso ubilo - Halid Muslimovic ).mid,melody,6268,6268,0,0,0,6268,True,70.8,86.7
Nije moje srce ludo - Sinan Sakic ).mid,drums,11538,11538,0,0,0,11538,True,70.8,86.7
Nije_ovo_moja_noc_-_Sasa_Matic.mid,drums,21048,21048,0,0,9,21048,True,70.8,87.5
Nikada se promeniti necu - Jovan Persic ).mid,accordion,10296,10296,0,0,105,10296,True,70.8,87.3
Nisam lopov - Mitar Miric ).mid,accordion,10976,10976,0,0,311,10976,True,70.8,87.5
Niz reku zivota - Dzej ).mid,drums,6460,6460,0,0,0,6460,True,70.8,86.7
Nocna ptica - Enes Begovic ).mid,drums,7771,7771,0,0,0,7771,True,70.8,86.7
"O, nesrecni moj zivote - Kemal Malovcic ).mid",drums,11464,11464,0,0,0,11464,True,70.8,86.7
Oci jedne zene - Tozovac ).mid,woodwind,13582,13582,0,0,159,13582,True,70.8,87.5
Oci moje kletvom bih vas kleo - Safet Isovic ).mid,drums,10472,10472,0,0,335,10472,True,70.8,87.5
Od Zivota Uzmi Sve - Enes Begovic ).mid,accordion,8854,8854,0,0,49,8854,True,70.8,87.5
"Odlazim,_odlazim_-_Enes_Begovic.mid",drums,10037,10037,0,0,57,10037,True,70.8,87.5
"Odlazis, odlazis - Saban Saulic ).mid",drums,9608,9608,0,0,0,9608,True,70.8,86.7
Oficir_s_ruzom_-_Baja.mid,piano,10008,10008,0,0,0,10008,True,70.8,86.7
Okrece se kolo srece - Kemal Malovcic ).mid,accordion,10459,10459,0,0,0,10459,True,70.8,86.6
Okuj me care - Halid Beslic ).mid,piano,7864,7864,0,0,0,7864,True,70.8,86.7
Ona je moja - Dejan Matic ).mid,woodwind,7097,7097,0,0,131,7097,True,70.8,87.5
Ona je prosla bez bola - Sinan Sakic ).mid,accordion,9908,9908,0,0,0,9908,True,70.8,86.7
Opila me trava - Baja Knindza ).mid,drums,8798,8798,0,0,60,8798,True,70.8,87.5
Ostaj_ovde_-_Mile_Kitic.mid,drums,7992,7992,0,0,19,7992,True,70.8,87.5
Ostani Zauvek Tu - Sinan Sakic ).mid,accordion,5940,5940,0,0,0,5940,True,70.8,86.6
"Ostao sam, sam - Toma Zdravkovic ).mid",accordion,9208,9208,0,0,0,9208,True,70.8,86.7
Ostavljas_me_samog_'_-_Rizo_Hamidovic.mid,drums,8891,8891,0,0,0,8891,True,70.8,86.7
Osvetnik - Mile Kitic ).mid,accordion,10188,10188,0,0,24,10188,True,70.8,87.5
Otrov - Halid Beslic ).mid,organ,11944,11944,0,0,6,11944,True,70.8,87.3
Ozeni_me_babo_moj_-_K.Malovcic.mid,drums,4518,4518,0,0,4,4518,True,70.8,87.5
Pesma od bola - Aca Lukas ).mid,drums,10441,10441,0,0,0,10441,True,70.8,86.7
Pesme moje - Toma ).mid,accordion,7089,7089,0,0,0,7089,True,70.8,86.6
Pevajte mi o Vesni - Kemal Malovcic ).mid,woodwind,7607,7607,0,0,51,7607,True,70.8,87.5
Pitaju me pitaju - Serif Konjevic ).mid,organ,19317,19317,0,0,30,19317,True,70.8,87.5
Pjesma O Njoj - Halid Beslic ).mid,accordion,16831,16831,0,0,272,16831,True,70.8,87.5
Placem kao dijete- Serif Konjevic ).mid,accordion,7105,7105,0,0,0,7105,True,70.8,86.7
Placite_sa_mnom_jesenje_kise_-_Ljuba_Alicic.mid,drums,4263,4263,0,0,3,4263,True,70.8,87.5
Plavo oko plakalo je - Keba ).mid,drums,9316,9316,0,0,0,9316,True,70.8,86.7
Pogledaj me ti - Sinan Sakic ).mid,drums,10538,10538,0,0,57,10538,True,70.8,87.3
Pokloni poljubac - Sinan Sakic ).mid,accordion,10880,10880,0,0,0,10880,True,70.8,86.7
Potrazicu oci nesto zelenije - Marinko Rokvic ).mid,accordion,10846,10846,0,0,495,10846,True,70.8,87.5
Pozdravi je pozdravi - Miroslav Ilic ).mid,accordion,8475,8475,0,0,57,8475,True,70.8,87.5
Pozuri - Halid Beslic ).mid,drums,5448,5448,0,0,0,5448,True,70.8,86.7
Pravo_na_ljubav_-_M.Rokvic.mid,piano,9217,9217,0,0,0,9217,True,70.8,86.7
Prodjoh Bosnom kroz gradove - Safet Isovic ).mid,woodwind,7305,7305,0,0,370,7305,True,70.8,87.5
Prokleta_je_zena_ta_-_Halid_Beslic.mid,drums,12269,12269,0,0,0,12269,True,70.8,86.7
Prosla_si_pored_mene_-_Hakala.mid,drums,2132,2132,0,0,0,2132,True,70.8,86.7
Prvi poljubac - Halid Beslic ).mid,drums,5262,5262,0,0,0,5262,True,70.8,86.7
Pusti_me_vec_jednom_-_Serif_Konjevic.mid,piano,3489,3489,0,0,45,3489,True,70.8,87.5
"Putuj, putuj sreco moja - Halid Muslimovic ).mid",drums,8443,8443,0,0,0,8443,True,70.8,86.7
Rastajemo se mi - Ajnur Serbezovski ).mid,accordion,6377,6377,0,0,0,6377,True,70.8,86.7
Rastanak_nije_lako_-_Asim_Bajric.mid,drums,11599,11599,0,0,0,11599,True,70.8,86.7
Reci Mi Miko - Sinan Sakic ).mid,drums,8771,8771,0,0,6,8771,True,70.8,87.5
Reci sve zelje - Sinan Sakic ).mid,woodwind,8277,8277,0,0,258,8277,True,70.8,87.5
Rekla si mi - Kemal Malovcic ).mid,accordion,6603,6603,0,0,6,6603,True,70.8,87.5
Reskiraj_-_Sasa_Matic.mid,drums,8023,8023,0,0,902,8023,True,70.8,87.5
"Ritam_vozi,vozi_-_Dzej.mid",drums,12972,12972,0,0,0,12972,True,70.8,86.7
Robinja - Halid Beslic ).mid,piano,15580,15580,0,0,30,15580,True,70.8,87.5
Ruzmarin_-_Sasa_Matic.mid,organ,20526,20526,0,0,0,20526,True,70.8,86.6
Sabina - Sinan Sakic ).mid,drums,12373,12373,0,0,0,12373,True,70.8,86.7
Sad_je_kasno_-_Sasa_Matic.mid,drums,8547,8547,0,0,153,8547,True,70.8,87.5
Sam za stolom - Saban Saulic ).mid,accordion,12694,12694,0,0,60,12694,True,70.8,87.3
Samo tako - Milos Bojanic ).mid,accordion,14476,14476,0,0,267,14476,True,70.8,87.5
Sanela - Saban Saulic ).mid,drums,11457,11457,0,0,45,11457,True,70.8,87.5
Sanjam zenu s malisanom - Saban Saulic.mid,accordion,10341,10341,0,0,261,10341,True,70.8,87.5
Sarajevo grade moj - Halid Beslic ).mid,woodwind,10060,10060,0,0,0,10060,True,70.8,86.7
Selimbega_Jasmina_-_Asim_Bajric.mid,accordion,9819,9819,0,0,149,9819,True,70.8,87.5
Seti se - Kemal Malovcic ).mid,accordion,10176,10176,0,0,30,10176,True,70.8,87.5
Sijedi_starac_-_Halid_Beslic.mid,drums,10660,10660,0,0,16,10660,True,70.8,87.3
Sine - Saban Saulic ).mid,drums,4255,4255,0,0,0,4255,True,70.8,86.7
Sine moj - Asim Bajric ).mid,drums,5866,5866,0,0,0,5866,True,70.8,86.7
Sjecam se - Halid Beslic ).mid,accordion,13329,13329,0,0,78,13329,True,70.8,87.5
Sneg je opet Snezana - Saban Saulic ).mid,drums,10716,10716,0,0,0,10716,True,70.8,86.7
Srce na cesti - Film ).mid,drums,10398,10398,0,0,0,10398,True,70.8,86.7
Srce pise suzama - Keba ).mid,drums,6403,6403,0,0,0,6403,True,70.8,86.7
Srno moja malena - Saban Saulic ).mid,drums,12329,12329,0,0,174,12329,True,70.8,87.5
Stani Malo Hej Ljepoto - Halid Muslimovic ).mid,accordion,9399,9399,0,0,0,9399,True,70.8,86.7
Stann mladosti - Zoran Kalezic ).mid,drums,6131,6131,0,0,0,6131,True,70.8,86.7
Sto_je_tuzna_breza_ta_-_Halid_Beslic.mid,piano,10160,10160,0,0,421,10160,True,70.8,87.5
Subota - Asim Bajric ).mid,drums,8527,8527,0,0,0,8527,True,70.8,86.7
Sudbina me lagala - Sinan Sakic ).mid,organ,4622,4622,0,0,0,4622,True,70.8,86.7
Sve Je Postalo Pepeo I Dim - Sinan Sakic ).mid,drums,4832,4832,0,0,12,4832,True,70.8,87.5
Sve je moje tvoje - Zeljko Samardzic ).mid,accordion,9441,9441,0,0,2,9441,True,70.8,87.5
Svirajte napravicu lom - Sinan Sakic ).mid,accordion,8895,8895,0,0,0,8895,True,70.8,86.7
Svirajte nocas samo za nju - Toma Zdravkovic ).mid,accordion,5060,5060,0,0,36,5060,True,70.8,87.5
Ta_je_zena_varala_me_-_Halid_Beslic.mid,drums,7961,7961,0,0,60,7961,True,70.8,87.5
Tebi - Miroslav Ilic ).mid,drums,9961,9961,0,0,34,9961,True,70.8,87.5
Tebi za rodjendan - Sako Polumenta ).mid,accordion,10675,10675,0,0,12,10675,True,70.8,87.5
Ti meni lazes sve - Dusko Kulis ).mid,organ,21196,21196,0,0,6,21196,True,70.8,87.5
Ti ne licis ni na jednu - Ljuba Alicic ).mid,drums,12838,12838,0,0,28,12838,True,70.8,87.5
Ti si tudja zena - Muharem Serbezovski ).mid,drums,6332,6332,0,0,32,6332,True,70.8,87.5
Ti_meni_lazes_sve_-_Dusko_Kulis.mid,drums,13247,13247,0,0,95,13247,True,70.8,87.5
Ti_pakosna_zeno_-_Saban_Saulic.mid,drums,6672,6672,0,0,0,6672,True,70.8,86.7
"Tople noci, vreli dani - Dejan Matic ).mid",woodwind,8285,8285,0,0,294,8285,True,70.8,87.5
Treba_vremena_-_Semir_Ceric_Koke.mid,accordion,3331,3331,0,0,0,3331,True,70.8,86.7
Tri ruze - Halid Beslic ).mid,accordion,10555,10555,0,0,1088,10555,True,70.8,87.5
Tri sina junaka - Saban Saulic ).mid,accordion,12591,12591,0,0,996,12591,True,70.8,87.5
Tuzno leto - Toma Zdravkovic ).mid,drums,6164,6164,0,0,0,6164,True,70.8,86.6
U godini jedan dan - Muharem Serbezovski $.mid,drums,6428,6428,0,0,0,6428,True,70.8,86.6
U plamenu jedne vatre - Halid Beslic ).mid,drums,8183,8183,0,0,0,8183,True,70.8,86.7
U svijetu sam zivot ostavio - Mahir Burekovic ).mid,accordion,11408,11408,0,0,402,11408,True,70.8,87.5
Udaje Se Moja Mezimica - Hakala ).mid,drums,7966,7966,0,0,4,7966,True,70.8,87.5
Udala Se Ona - Sejo Kejdura ).mid,drums,6835,6835,0,0,0,6835,True,70.8,86.7
Ulica_radja_gresnike_-_Acko_Nezirovic.mid,piano,7218,7218,0,0,32,7218,True,70.8,87.5
Umrecu bez tebe nevero moja - Mitar Miric ).mid,accordion,16412,16412,0,0,189,16412,True,70.8,87.5
Umri u samoci - Hakala ).mid,drums,3477,3477,0,0,0,3477,True,70.8,86.7
Usne vrele kao zar - Nino ).mid,drums,7780,7780,0,0,0,7780,True,70.8,86.7
Vencajte me sa njenom lepotom - Jasar Ahmedovski ).mid,accordion,13324,13324,0,0,248,13324,True,70.8,87.5
Verujem u ljubav - Saban Saulic ).mid,accordion,5913,5913,0,0,0,5913,True,70.8,86.6
Vidjas li mi staru ljubav - Saban Saulic ).mid,drums,11787,11787,0,0,0,11787,True,70.8,86.6
Volecu_te_do_kraja_zivota_-_Miroslav_Ilic.mid,drums,6134,6134,0,0,0,6134,True,70.8,86.7
Voli_me_danas_-_Mitar_Miric.mid,piano,11454,11454,0,0,73,11454,True,70.8,87.3
Volim_majko_siroticu_-_Meho_Puzic.mid,accordion,7675,7675,0,0,168,7675,True,70.8,87.5
Voljela si jutrom da uranis - Saban Saulic ).mid,drums,7844,7844,0,0,0,7844,True,70.8,86.7
Vuk samotnjak - Mile Kitic ).mid,accordion,8784,8784,0,0,0,8784,True,70.8,86.7
Zaljubljen sam stara majko - Halid Beslic ).mid,accordion,10113,10113,0,0,0,10113,True,70.8,86.7
Zaljubljen u tebe - Sinan Sakic ).mid,accordion,5998,5998,0,0,24,5998,True,70.8,87.5
Zapisano_u_vremenu_-_Baja.mid,drums,8802,8802,0,0,0,8802,True,70.8,86.7
Zaplakala Bosna - Halid Muslimovic ).mid,terca,5281,5281,0,0,370,5281,True,70.8,87.5
Zbog tebe sam vino pio - Serif Konjevic ).mid,accordion,11538,11538,0,0,0,11538,True,70.8,86.7
Zbogom Noci Zbogom Zore - Halid Beslic ).mid,accordion,8677,8677,0,0,0,8677,True,70.8,86.7
"Zek, zek - Dzej & Gagi Band.mid",drums,9048,9048,0,0,0,9048,True,70.8,86.7
Zelena - Nihad Alibegovic ).mid,accordion,6870,6870,0,0,73,6870,True,70.8,87.5
Zenica_-_Hakala.mid,choir,11231,11231,0,0,0,11231,True,70.8,86.7
Zlatar - Hule ).mid,accordion,10877,10877,0,0,0,10877,True,70.8,86.7
Zlatna burma  - Sinan Sakic ).mid,accordion,12559,12559,0,0,225,12559,True,70.8,87.5
Znam za sve sam kriv - Halid Muslimovic ).mid,drums,8417,8417,0,0,0,8417,True,70.8,86.7
